tab,io_id,name,path_or_pattern,format,storage_scope,model_layer,direction,producer,consumer,required,generated_or_manual,owner_team,lifecycle,schema_or_key_columns,units,temporal_resolution,spatial_resolution,sector_technology_resolution,source_or_provenance,placeholder_status,validation_rules,interpretation_notes,quality_caveats,used_by_code,related_artifacts,example_values,update_frequency,expert_action_required
Inputs,IN-001,Integrated run request payload,POST /api/jobs request body,JSON API payload,API request,Scenario orchestration,input,Frontend integrated scenario definition form or API client,backend/api_service/jobs.py -> runner.run_scenario,Yes,User/API supplied,Product + backend,Per submitted run,"energy_scenario_key; mrio_scenario_id; target_year; run_profile; levers.{demand_multiplier,renewables_capex_multiplier,fossil_fuel_price_multiplier,carbon_price_usd_per_tco2}; strict_validation; allow_placeholder_data",dimensionless lever multipliers; USD/tCO2 carbon price; calendar year,single target_year plus run_profile time-slice behavior,scenario geography inherited from selected MRIO scenario and Calliope energy locations,energy pathway key plus MRIO report scenario id,UI selection plus user controls,None; live user input,Pydantic forbids extra fields; validates target_year 1900-2200; profile is dev/analysis/full; levers have numeric bounds; analysis/full force strict_validation true,"This is now the required upstream contract. It replaces the older single scenario field and builds one IntegratedScenarioPackage that feeds energy, bridge, and MRIO-direct layers.",Request validity does not guarantee scientific validity; strict_validation and allow_placeholder_data determine whether placeholder expert datasets can pass.,backend/api_service/schemas.py; backend/api_service/jobs.py; backend/api_service/runner.py,OUT-001; OUT-026; OUT-027,energy_scenario_key=new_links; mrio_scenario_id=ZA-S2; target_year=2030; run_profile=dev,Every run,Keep frontend and API clients aligned to this exact shape; do not reintroduce separate energy/MRIO run modes.
Inputs,IN-002,Integrated scenario catalog response consumed by UI,GET /api/scenarios,JSON API response,API response used as input by frontend,Scenario catalog,input,backend/api_service/scenarios.py; scenario_package.build_integrated_scenario_catalog,Frontend scenario setup flow,Yes,Generated at request time from repo inputs,Backend + product,"Dynamic catalog, deterministic for current repo inputs",schema_version; energy_scenarios[]; mrio_scenarios[]; target_years[]; geography_alignment_options[]; report.source_file; report.source_sha256; defaults,years; labels; metadata only,available target years parsed from report; default target_year 2030,MRIO geography codes; Calliope locations in mapping rows,energy scenario metadata and MRIO scenario summaries,Calliope overrides plus scenario metadata plus parsed report plus geography mapping,None; reports availability of scenario choices,"Must include valid energy_scenarios, MRIO scenarios, target years, defaults; report scenarios should include ZA-S1, ZA-S2, IN-S1, IN-S2, BR-S1, BR-S2, WF-S1, WF-S2, WM-S1, WM-S2",This is the single setup catalog for the app. It intentionally presents energy pathway and MRIO-direct report scenario as parts of one integrated scenario definition.,Catalog completeness depends on successful DOCX parsing and mapping table correctness.,backend/api_service/scenarios.py; backend/api_service/scenario_package.py; frontend/app.jsx,IN-003; IN-004; IN-005; IN-008; OUT-026,defaults.energy_scenario_key=new_links; defaults.mrio_scenario_id=ZA-S2,On UI load or refresh,Check scenario labels and defaults with product/design before external demos.
Inputs,IN-003,Energy modelling scenario report,Energy Modelling Scenario Report.docx,DOCX (ZIP/XML),repo_static external report,MRIO-direct scenario source,input,Scenario authors / analysts,backend/api_service/scenario_report.py parser,Yes,Manual expert-authored source document,Energy experts + MRIO experts,Source of truth until replaced by structured scenario database,"report tables and text parsed into scenario_id; geography; label; summary targets; target_years; shock_categories.{A/Z,E,Y}; source_notes; calibration_notes","scenario-specific percentages, targets, text assumptions",2030 and/or 2050 targets where present,"ZA, IN, BR, WF, WM report geographies; may be national or regional","MRIO sectors/parameters inferred from A/Z, E, Y shock guidance",Root repository document authored outside the app,May contain narrative assumptions not directly machine-executable,Parser must recover all 10 scenarios; source SHA256 cache invalidates when DOCX changes,The report provides MRIO-direct assumptions outside the energy model boundary. Parsed content should not be treated as solved energy output.,DOCX tables and prose can be ambiguous; parser extraction should be analyst-reviewed after report edits.,backend/api_service/scenario_report.py,IN-004; OUT-003; OUT-005; OUT-006,"ZA-S1, ZA-S2, IN-S1, IN-S2, BR-S1, BR-S2, WF-S1, WF-S2, WM-S1, WM-S2",When report changes,"Keep report structure table-like and explicit; if scenarios change, verify parser test fixtures and generated JSON."
Inputs,IN-004,Parsed scenario report cache,inputs/generated/scenario_report_scenarios.json,JSON,generated_cache,MRIO-direct scenario source,input,backend/api_service/scenario_report.py,scenario_package catalog/package builder and MRIO-direct adapter,Yes,Generated from DOCX and cached by SHA256,Backend + energy/MRIO analysts,Regenerated when DOCX SHA256 changes,source_file; source_sha256; scenario_ids[]; scenarios.{scenario_id}.geography_code; geography; scenario_type; label; description; target_years; summary; shock_categories; source_notes; calibration_notes,percentages; text notes; normalized numeric target proxies where parser can infer them,"scenario target years, commonly 2030 and 2050","report geography code, not necessarily Calliope location","A/Z structural shocks, E emissions proxy shocks, Y final-demand proxy shocks",Derived from Energy Modelling Scenario Report.docx,Not placeholder if parsed from report; heuristic interpretation still requires review,Cache SHA must match DOCX; must contain all expected scenario ids; malformed or missing scenarios should fail strict setup,Machine-readable bridge from narrative report to run-time MRIO-direct inputs.,Extraction is only as reliable as the DOCX structure and parser heuristics; numeric fields may encode text-derived targets.,backend/api_service/scenario_report.py; backend/api_service/scenario_package.py,IN-003; OUT-003; OUT-005; OUT-006,"scenario_ids=[ZA-S1,...,WM-S2]",Auto when DOCX changes,"After report edits, inspect this JSON and update parser rules if any key assumptions are missed."
Inputs,IN-005,Energy scenario metadata,inputs/scenario_metadata.csv,CSV,repo_static,Scenario catalog,input,Analyst/product team,backend/api_service/scenarios.py and frontend catalog UI,Yes for polished UI; energy keys can still originate from overrides,Manual table,Product + energy modeling,Static config,key; title; description; tags; user_label; policy_question; baseline_scenario; expected_tradeoff; demand_multiplier; renewables_capex_multiplier; fossil_fuel_price_multiplier; carbon_price_usd_per_tco2,lever multipliers; USD/tCO2,"scenario-level, no time series",global scenario metadata; applies to selected energy scenario,energy pathway metadata,Curated metadata aligned to Calliope overrides.yaml scenario keys,"May include illustrative labels, but not scientific model coefficients beyond preset levers",Keys should overlap Calliope overrides; lever values numeric if present; empty preset fields ignored,Controls how energy pathways are presented and can pre-populate lever defaults.,Mismatch with overrides hides or degrades scenario labeling.,backend/api_service/scenarios.py,IN-002; IN-006; OUT-001,key=new_links; title=New transmission links,When energy scenario catalog changes,Review policy question and expected tradeoff text for decision-maker clarity.
Inputs,IN-006,Lever mappings,inputs/lever_mappings.csv,CSV key/value table,repo_static,Energy adapter / runtime controls,input,Energy model team,backend/api_service/levers.py and runner override builder,Yes,Manual table,Energy modeling,Static config with occasional tuning,"key; value. Keys define renewables_techs, fossil_techs, demand technology selectors, and other lever-to-Calliope mapping values",dimensionless multipliers; technology names,"run target applies through scenario override, with time subset controlled by profile",applies to technologies/locations matched by Calliope selectors,Calliope technologies grouped as renewables/fossil/demand,Curated mapping from UI levers to Calliope tech/cost/resource fields,Not placeholder if selectors match current model; can silently under-apply if model names drift,Must parse as key/value; referenced tech selectors should exist in merged Calliope tech library,"Determines how user levers become runtime override patches, including demand multiplier and cost/fuel/carbon price controls.",High impact: stale mappings can make UI levers appear active while not changing model behavior.,backend/api_service/levers.py; backend/api_service/runner.py,OUT-002; OUT-007,renewables_techs=PV|Wind; fossil_techs=Coal|Gas,When Calliope technologies or controls change,Energy expert should verify selectors after every Calliope model library update.
Inputs,IN-007,Development model configuration,inputs/development_model.csv,CSV key/value table,repo_static,Development/MRIO runtime,input,Development economics/MRIO team,runner development output builders,Yes for calibrated runs; built-in defaults exist but should be expert reviewed,Manual table,MRIO/development experts,Static calibration config,"parameter; value. Nested dotted keys can override surrogate, mario, and mario_direct config values","dimensionless shares, sensitivities, relative uncertainty bounds, ratios",run-level; uncertainty and heuristic scale apply to target run,"global configuration, applied to all regions unless parameter-specific logic says otherwise","MRIO-direct, surrogate and runtime calibration parameters",Expert calibration file layered over backend defaults,May still include default/proxy coefficients if not expert-calibrated,Values must be parseable numbers or structured keys accepted by loader; strict validation surfaces placeholder problems in related MARIO inputs,"Controls fallback/surrogate coefficients, MARIO uncertainty bounds, and MRIO-direct heuristic scale/capping.","If unreviewed, model quality should not be interpreted as production-grade even if software runs.",backend/api_service/runner.py,OUT-005; OUT-018; OUT-019; OUT-033,mario_direct.structural_reallocation_bridge_scale=0.25,When calibration changes,Development/MRIO expert should replace default coefficients with documented empirical sources.
Inputs,IN-008,Scenario geography mapping,inputs/scenario_geography_mapping.csv,CSV,repo_static,Geography alignment,input,GIS/energy/MRIO team,scenario_package.build_geography_alignment,Yes,Manual mapping table,GIS + energy/MRIO experts,Static mapping updated when geographies change,mrio_geography_code; calliope_country_code; calliope_location; alignment_level; notes,codes and text,scenario-level,"MRIO geography to Calliope country/location, including national-to-subnational fan-out and regional-to-country/location fan-out",not sector-specific,Curated alignment contract between report/MRIO and Calliope model locations,Not placeholder if reviewed; currently critical for regional filter correctness,National MRIO may fan out to Calliope subnational groups; regional MRIO may fan out to mapped countries/locations; blocking only when both sides have incompatible subnational groupings without mapping,Determines where MRIO-direct assumptions apply relative to energy model locations.,Incorrect mapping causes apparently precise regional outputs to be allocated to wrong places.,backend/api_service/scenario_package.py,OUT-004; OUT-001; OUT-030,mrio_geography_code=ZA; calliope_country_code=ZAF; calliope_location=ZAF_*,When model/report geographies change,GIS and model experts should audit every mapping row and notes field.
Inputs,IN-009,Calliope model root,Calliope-Africa-main/model.yaml,YAML,repo_static,Energy model,input,Energy model team,Calliope model factory via runner,Yes,Manual/model-source file,Energy modeling,Versioned model source,Calliope model imports; run settings; model time; locations/tech/carriers references,Calliope-native units across imported files,model time horizon and subset_time profile controls,Africa model locations/power pools from imported YAML,all Calliope technologies and carriers,Calliope-Africa model source,Not placeholder by itself; imported data may require expert review,Must be parseable by installed Calliope version; imports must resolve inside Calliope root,Top-level model contract for optimization. Runtime overrides patch it but should not mutate source.,Calliope version compatibility is a risk; model units must be interpreted from Calliope config.,backend/api_service/runner.py,IN-010 to IN-026; OUT-008; OUT-009,"import: overrides.yaml, technology files, pool constraints",When model structure changes,Energy modeler should maintain imports and units documentation.
Inputs,IN-010,Calliope energy scenario overrides,Calliope-Africa-main/overrides.yaml,YAML,repo_static,Energy scenario catalog,input,Energy model team,scenario catalog and Calliope model build,Yes,Manual/model-source file,Energy modeling,Versioned scenario source,scenarios.<energy_scenario_key> override definitions,Calliope-native units,"scenario-level, can alter time/model settings",Calliope locations and techs referenced by scenario,scenario-specific tech/location constraints,Calliope-Africa model source,Not placeholder if scenario definitions are reviewed,Scenario keys must be loadable; selected energy_scenario_key must exist,Defines the energy pathway side of the integrated package.,Scenario names and metadata must remain synchronized with inputs/scenario_metadata.csv.,backend/api_service/scenarios.py; backend/api_service/runner.py,IN-005; OUT-001; OUT-002,new_links; baseline; policy-like override keys,When energy scenarios change,Energy modeler should document each scenario’s physical/policy meaning.
Inputs,IN-011,AC demand scenario override,Calliope-Africa-main/new_demand_AC.yaml,YAML,repo_static,Energy model,input,Energy model team,Calliope imported scenarios/overrides,Conditional on selected override imports,Manual/model-source file,Energy modeling,Versioned scenario source,Calliope override keys for demand assumptions,Calliope-native demand units,model time horizon or profile subset,Calliope locations,demand technology/carrier entries,Calliope-Africa model source,Unknown; should be reviewed as scenario assumption,Must parse as YAML and match Calliope schema,Represents alternative demand assumptions used by scenarios.,"If demand scenario is not linked to selected override, it has no effect.",Calliope model imports and overrides,IN-010; OUT-008,Demand_power resource adjustments,When demand assumptions change,Energy expert should document demand source and calibration year.
Inputs,IN-012,STEPS demand scenario override,Calliope-Africa-main/new_demand_STEPS.yaml,YAML,repo_static,Energy model,input,Energy model team,Calliope imported scenarios/overrides,Conditional on selected override imports,Manual/model-source file,Energy modeling,Versioned scenario source,Calliope override keys for STEPS demand assumptions,Calliope-native demand units,model time horizon or profile subset,Calliope locations,demand technology/carrier entries,Calliope-Africa model source,Unknown; should be reviewed as scenario assumption,Must parse as YAML and match Calliope schema,"Represents a separate demand scenario, likely aligned to an external STEPS-style pathway.",Needs provenance if used for policy comparison.,Calliope model imports and overrides,IN-010; OUT-008,STEPS demand profile references,When demand assumptions change,Energy expert should provide source citation and scenario definition.
Inputs,IN-013,New generation location override,Calliope-Africa-main/new_gen_loc.yaml,YAML,repo_static,Energy model,input,Energy model team,Calliope imported scenarios/overrides,Conditional on selected override imports,Manual/model-source file,Energy modeling,Versioned scenario source,Calliope location/technology deployment constraints,Calliope-native capacity/resource units,model horizon or scenario-specific,Calliope locations/subregions,generation technologies,Calliope-Africa model source,Unknown; should be reviewed,Must reference valid locations and techs,Controls where new generation can be built or represented.,Spatial assumptions here can drive map outputs and regional impacts.,Calliope model imports and overrides,IN-010; OUT-008; OUT-030,locations.<loc>.techs.<tech> constraints,When siting assumptions change,Energy/GIS expert should verify spatial granularity and centroid mapping.
Inputs,IN-014,New generation scenario override,Calliope-Africa-main/new_generation.yaml,YAML,repo_static,Energy model,input,Energy model team,Calliope imported scenarios/overrides,Conditional on selected override imports,Manual/model-source file,Energy modeling,Versioned scenario source,Calliope tech build/cost/resource constraints,"Calliope-native capacity, cost, resource units",model horizon or scenario-specific,Calliope locations,generation technologies,Calliope-Africa model source,Unknown; should be reviewed,Must parse and reference valid tech/location/carrier names,Controls generation expansion assumptions in energy scenarios.,May overlap conceptually with MRIO-direct renewable assumptions; headline overlap policy defaults to bridge for now.,Calliope model imports and overrides,OUT-008; OUT-011; OUT-012,"PV, wind, hydro, thermal constraints",When technology assumptions change,Energy expert should check costs/capacity constraints against current data.
Inputs,IN-015,New transmission links scenario override,Calliope-Africa-main/new_transmission_links.yaml,YAML,repo_static,Energy model,input,Energy model team,Calliope imported scenarios/overrides,Conditional on selected override imports,Manual/model-source file,Energy modeling,Versioned scenario source,Calliope transmission link definitions and constraints,Calliope-native transmission capacity/cost units,model horizon or scenario-specific,links between Calliope locations/pools,transmission technologies,Calliope-Africa model source,Unknown; should be reviewed,Link endpoints and tech names must exist,Controls network expansion/new interconnection scenario behavior.,Important for regional trade and reliability diagnostics; errors can create misleading pool-level outputs.,Calliope model imports and overrides,OUT-008; OUT-014,new_links scenario,When transmission scenarios change,Energy/transmission expert should verify line capacities/costs and endpoints.
Inputs,IN-016,Policy scenario override,Calliope-Africa-main/policy.yaml,YAML,repo_static,Energy model,input,Energy model team,Calliope imported scenarios/overrides,Conditional on selected override imports,Manual/model-source file,Energy modeling,Versioned scenario source,policy constraint overrides; costs; emissions; resource limits as defined in YAML,Calliope-native units,scenario-level,Calliope locations/pools depending on policy,affected technologies/sectors,Calliope-Africa model source,Unknown; should be reviewed,Must parse and match Calliope schema,Encodes energy-system policy assumptions.,Policy effects may overlap with MRIO-direct scenario narrative; keep provenance explicit.,Calliope model imports and overrides,OUT-008; OUT-009,carbon or capacity policy constraints,When policy assumptions change,Policy/energy expert should define policy counterfactual and baseline clearly.
Inputs,IN-017,Power-pool location constraints,"Calliope-Africa-main/{CAPP,EAPP,NAPP,SAPP,WAPP}/Location_Constraints_*.yaml",YAML,repo_static,Energy model geography,input,Energy model team,Calliope model imports,Yes,Manual/model-source files,Energy modeling + GIS,Versioned model source,locations.<country/subregion>.tech constraints; resource/capacity/cost constraints,Calliope-native units,model horizon and time series references,country/pool/subnational Calliope locations,technologies available at each location,Calliope-Africa model source,Unknown; should be reviewed,Location keys must align with mapping and time series; YAML must parse,Defines spatial resolution and technology feasibility for each African power pool.,"Any mismatch here affects geographic filtering, Voronoi subregion mapping, and MRIO alignment.",Calliope import collector in runner,IN-008; IN-009; OUT-004; OUT-030,SAPP/Location_Constraints_SAPP.yaml,When spatial model topology changes,Energy/GIS experts should maintain one authoritative location dictionary.
Inputs,IN-018,Power-pool transmission links,"Calliope-Africa-main/{CAPP,EAPP,NAPP,SAPP,WAPP}/Transmission_links_*.yaml",YAML,repo_static,Energy model network,input,Energy model team,Calliope model imports,Yes,Manual/model-source files,Energy modeling,Versioned model source,transmission techs and location pairs; capacities; costs; efficiencies,Calliope-native transmission units,model horizon and operational timesteps,inter-location links by pool,transmission technologies,Calliope-Africa model source,Unknown; should be reviewed,Link endpoints must resolve to locations; parameters must match Calliope schema,Defines existing or candidate transmission topology.,Network assumptions drive trade_matrix diagnostics and can dominate regional results.,Calliope import collector in runner,OUT-014; OUT-017,EAPP/Transmission_links_EAPP.yaml,When grid topology changes,Transmission expert should verify with latest interconnector data.
Inputs,IN-019,Generation technology library,Calliope-Africa-main/Technologies/Technologies_Generation.yaml,YAML,repo_static,Energy model technology,input,Energy model team,Calliope model imports; tech-sector bridge mapping validation,Yes,Manual/model-source file,Energy modeling,Versioned model source,techs.<tech>.essentials/constraints/costs; carrier definitions,"Calliope-native capacity, efficiency, cost, emissions units",model horizon with time-varying resources where linked,applies across locations where enabled,generation technologies,Calliope-Africa model source,Unknown; should be expert-calibrated,Technology names should be covered by calliope_tech_to_mario_sector.csv and lever_mappings.csv,Defines physical and economic behavior of generation technologies.,Stale tech names break mapping coverage and development impact attribution.,backend/api_service/runner.py; Calliope,IN-006; IN-027; OUT-011; OUT-012,PV; Wind; Coal; Gas; Hydro,When tech assumptions change,Energy expert should update bridge mapping and lever mapping simultaneously.
Inputs,IN-020,Transmission and demand technology library,Calliope-Africa-main/Technologies/Technologies_Transmission_and_Demand.yaml,YAML,repo_static,Energy model technology,input,Energy model team,Calliope model imports; tech-sector bridge mapping validation,Yes,Manual/model-source file,Energy modeling,Versioned model source,transmission and demand tech definitions; constraints; costs,Calliope-native demand/transmission/cost units,model horizon/time-slice,locations/links where enabled,transmission and demand technologies,Calliope-Africa model source,Unknown; should be expert-calibrated,Technology names should be covered where development bridge expects them,Defines demand and grid technology behavior.,Demand technology naming is important for demand_multiplier application.,backend/api_service/runner.py; Calliope,IN-006; OUT-008; OUT-013,Demand_power; transmission techs,When tech assumptions change,Energy expert should validate demand resource selectors and transmission cost mappings.
Inputs,IN-021,Demand time series,Calliope-Africa-main/Timeseries/Demand_*.csv,CSV time series,repo_static,Energy model time series,input,Energy data team,Calliope model,Yes,Manual/external data extract,Energy modeling,Static or periodically refreshed,timestamp/index plus demand columns as expected by Calliope resource references,"electricity demand, Calliope-native units",hourly or model-native timestep; dev/analysis may subset,per location or demand profile depending file structure,Demand_power / demand carriers,External demand dataset embedded in model files,Unknown; should cite source and base year,Must align with Calliope resource file references and time index,Primary electricity demand driver. Runtime demand_multiplier scales Demand_power resource profiles after model build.,"Bad demand data propagates into all energy, emissions, cost, and development outputs.",Calliope model; runner demand multiplier,OUT-008; OUT-009; OUT-013,Demand_2030.csv-like files,When demand forecasts/base years change,Energy demand expert should verify forecast methodology and load shape.
Inputs,IN-022,Solar resource time series,Calliope-Africa-main/Timeseries/Solar_*.csv,CSV time series,repo_static,Energy model resource,input,Energy resource data team,Calliope model,Yes for solar techs,Manual/external data extract,Energy modeling,Static or periodically refreshed,timestamp/index plus solar resource columns expected by model,"capacity factor or resource availability, Calliope-native",hourly/model-native timestep,per location/profile,solar technologies,External resource dataset embedded in model files,Unknown; should cite source,Must align with resource references and time index,Constrains solar generation availability.,Resource data quality strongly affects optimal capacity and regional allocation.,Calliope model,OUT-011; OUT-012; OUT-030,Solar_resource profiles,When resource datasets update,"Energy resource expert should document source, year, bias correction, and spatial aggregation."
Inputs,IN-023,Wind resource time series,Calliope-Africa-main/Timeseries/Wind_*.csv,CSV time series,repo_static,Energy model resource,input,Energy resource data team,Calliope model,Yes for wind techs,Manual/external data extract,Energy modeling,Static or periodically refreshed,timestamp/index plus wind resource columns expected by model,"capacity factor or resource availability, Calliope-native",hourly/model-native timestep,per location/profile,wind technologies,External resource dataset embedded in model files,Unknown; should cite source,Must align with resource references and time index,Constrains wind generation availability.,Spatial aggregation and turbine assumptions affect regional results.,Calliope model,OUT-011; OUT-012; OUT-030,Wind_resource profiles,When resource datasets update,"Energy resource expert should document source, hub height, and spatial aggregation."
Inputs,IN-024,Hydro resource time series,Calliope-Africa-main/Timeseries/Hydro_*.csv,CSV time series,repo_static,Energy model resource,input,Energy resource data team,Calliope model,Yes for hydro techs,Manual/external data extract,Energy modeling,Static or periodically refreshed,timestamp/index plus hydro resource columns expected by model,"hydro availability/resource, Calliope-native",hourly/monthly/model-native timestep depending file,per location/basin/profile,hydro technologies,External resource dataset embedded in model files,Unknown; should cite source,Must align with resource references and time index,Constrains hydro generation availability and seasonality.,Hydrological assumptions can dominate reliability and emissions outcomes.,Calliope model,OUT-011; OUT-012; OUT-013,Hydro inflow/resource profiles,When hydrology updates,Hydro/resource expert should validate historical year and climate assumptions.
Inputs,IN-025,New PV candidate profile,Calliope-Africa-main/Timeseries/PV_New.csv,CSV time series,repo_static,Energy model resource,input,Energy resource data team,Calliope model,Conditional on PV_New references,Manual/external data extract,Energy modeling,Static or periodically refreshed,timestamp/index plus PV candidate resource profiles,capacity factor/resource availability,hourly/model-native timestep,new PV candidate locations/profiles,PV technologies,External resource dataset embedded in model files,Unknown; should cite source,Must align with model references,Supports new PV generation candidate behavior.,"If generic profile is overused, subnational PV differences may be understated.",Calliope model,OUT-011; OUT-012,PV_New.csv,When PV resource data updates,Resource expert should verify spatial representativeness.
Inputs,IN-026,New CSP candidate profile,Calliope-Africa-main/Timeseries/CSP_New.csv,CSV time series,repo_static,Energy model resource,input,Energy resource data team,Calliope model,Conditional on CSP references,Manual/external data extract,Energy modeling,Static or periodically refreshed,timestamp/index plus CSP candidate resource profiles,capacity factor/resource availability,hourly/model-native timestep,new CSP candidate locations/profiles,CSP technologies,External resource dataset embedded in model files,Unknown; should cite source,Must align with model references,Supports new CSP candidate generation behavior.,CSP resource and storage assumptions need explicit documentation.,Calliope model,OUT-011; OUT-012,CSP_New.csv,When CSP resource data updates,Resource expert should verify DNI and thermal storage assumptions.
Inputs,IN-027,Calliope tech to MARIO sector mapping,inputs/mario_inputs/calliope_tech_to_mario_sector.csv,CSV,repo_static,Bridge and development/MRIO,input,Energy + MRIO team,runner bridge builder and mapping quality validator,Yes,Manual expert-owned mapping,Energy/MRIO experts,Static mapping updated with technologies/sectors,calliope_tech; carrier; tech_group; mario_sector; shock_channel; default_currency; notes,"currency metadata, mostly labels",scenario/run-level mapping,technology rows may later map to MARIO regions through shocks,Calliope tech to MARIO sector,Curated bridge mapping,Can contain fallback or placeholder rows depending notes/source; strict quality checks count missing techs,Every required Calliope tech should map; shock_channel should be recognized; missing techs become fallback warnings/errors under strict validation,Determines supplier-sector attribution for investment and operating shocks.,Incomplete mapping directly distorts jobs/GVA by supplier sector.,backend/api_service/runner.py,OUT-011; OUT-012; OUT-017; OUT-018,calliope_tech=PV; mario_sector=Electrical_equipment,Whenever Calliope tech library or MRIO sector taxonomy changes,MRIO expert should align sectors to actual MARIO database taxonomy.
Inputs,IN-028,Calliope cost to MARIO account mapping,inputs/mario_inputs/calliope_cost_to_mario_account.csv,CSV,repo_static,Bridge and development/MRIO,input,Energy + MRIO team,runner bridge builder,Yes,Manual expert-owned mapping,Energy/MRIO experts,Static mapping updated with cost classes,calliope_cost_class; calliope_component; mario_account; mario_flow_type; sign_convention; notes,cost account labels and sign conventions,scenario/run-level mapping,global/account-level unless paired with location shock rows,cost components by technology,Curated bridge mapping,"Should be expert-owned, not placeholder",Cost classes/components must match summary_diagnostics cost decomposition,Maps energy model costs into MRIO accounts and flow types.,Wrong sign conventions invert development impact shocks.,backend/api_service/runner.py,OUT-012; OUT-013; OUT-015,investment -> final demand/capex account,When cost decomposition changes,MRIO/accounting expert should verify sign and account semantics.
Inputs,IN-029,CAPEX sector split table,inputs/mario_inputs/capex_sector_split.csv,CSV,repo_static,Bridge and development/MRIO,input,MRIO/development economics team,runner bridge builder and strict validation,Yes,Manual expert-owned mapping,MRIO/development experts,Static calibration table,calliope_tech; mario_region; mario_sector; share; notes; tech_group,"share, dimensionless; region/sector codes",scenario/run-level,MARIO region; may be global/fallback by row design,Calliope tech to one or more supplier sectors,Expert allocation assumptions,Potential placeholder unless fully calibrated,Shares should sum to 1 by calliope_tech/mario_region group where applicable; invalid groups are strict-validation issues,Allocates capital spending across supplier sectors for investment shocks.,Bad splits distort sectoral jobs/GVA and regional import leakage.,backend/api_service/runner.py,OUT-012; OUT-017; OUT-018,"PV, ZAF, Electrical_equipment, 0.35",When procurement/supply chain assumptions change,MRIO expert should replace proxy splits with empirically grounded sector shares.
Inputs,IN-030,OPEX sector split table,inputs/mario_inputs/opex_sector_split.csv,CSV,repo_static,Bridge and development/MRIO,input,MRIO/development economics team,runner bridge builder and strict validation,Yes,Manual expert-owned mapping,MRIO/development experts,Static calibration table,calliope_tech; mario_region; mario_sector; opex_type; share; notes; tech_group,"share, dimensionless",scenario/run-level,MARIO region,Calliope tech and OPEX type to supplier sectors,Expert allocation assumptions,Potential placeholder unless fully calibrated,Shares should sum to 1 by calliope_tech/mario_region/opex_type group where applicable,Allocates fixed/variable operating spend across supplier sectors.,Bad splits distort ongoing operational impact estimates.,backend/api_service/runner.py,OUT-013; OUT-017; OUT-018,"Wind, ZAF, Maintenance_services, fixed_om, 0.25",When O&M assumptions change,MRIO expert should validate against O&M cost structures and local content assumptions.
Inputs,IN-031,Country to pool/MARIO region mapping,inputs/mario_inputs/country_to_pool.csv,CSV,repo_static,Bridge geography,input,GIS + MRIO team,runner bridge builder,Yes,Manual mapping table,GIS/MRIO experts,Static mapping updated with geography changes,calliope_location; power_pool; mario_region; notes,codes and text,scenario/run-level,Calliope location to power pool and MARIO region,not sector-specific,Curated alignment table,Not placeholder if reviewed,Every exchange shock location should resolve to a MARIO region; missing rows can produce UNKNOWN/fallback regions,Maps Calliope locations to regions for bridge shock attribution.,Earlier UNKNOWN-region issues come from this class of mapping gap; maintain carefully.,backend/api_service/runner.py,OUT-011 to OUT-017; OUT-030,ZAF -> SAPP -> ZAF,When Calliope locations or MARIO regions change,GIS/MRIO experts should validate all locations and no UNKNOWN rows remain.
Inputs,IN-032,Employment intensity table,inputs/mario_inputs/employment_intensity.csv,CSV,repo_static expert-owned,Development/MRIO,input,MRIO/development economics team,mario_runtime.run_mario_io_runtime,Yes for meaningful jobs outputs,Manual expert-owned calibration,MRIO/development experts,"Static calibration table, should cite source year",mario_region; mario_sector; jobs_per_musd_direct; jobs_per_musd_total; reference_year; source; notes,jobs per million USD output/shock,reference_year plus run target year assumption,MARIO region and fallback/global means,MARIO supplier sectors,Expert calibration or placeholder estimates,Strict-blocking if placeholder rows and allow_placeholder_data=false,Numeric intensities required; jobs_total should be >= jobs_direct; placeholder source/notes detected,Converts monetary shocks into direct and total jobs estimates.,This is a high-sensitivity dataset; proxy values can create suspiciously uniform regional jobs outputs.,backend/api_service/mario_runtime.py,OUT-018; OUT-019; OUT-036,jobs_per_musd_direct=4.2; jobs_per_musd_total=8.5,When labor intensity sources update,Development economist should calibrate by region/sector and document source/method.
Inputs,IN-033,Value-added intensity table,inputs/mario_inputs/value_added_intensity.csv,CSV,repo_static expert-owned,Development/MRIO,input,MRIO/development economics team,mario_runtime.run_mario_io_runtime,Yes for meaningful GVA/income outputs,Manual expert-owned calibration,MRIO/development experts,"Static calibration table, should cite source year",mario_region; mario_sector; gva_per_musd_output; household_income_per_musd_output; reference_year; source; notes,million USD GVA or household income per million USD output,reference_year plus run target year assumption,MARIO region and fallback/global means,MARIO supplier sectors,Expert calibration or placeholder estimates,Strict-blocking if placeholder rows and allow_placeholder_data=false,Numeric intensities required; placeholders detected by source/notes,Converts monetary shocks into GVA and household income proxy estimates.,Proxy values can overstate local benefits if import leakage is not represented.,backend/api_service/mario_runtime.py,OUT-018; OUT-019; OUT-036,gva_per_musd_output=0.42,When IO/value-added data updates,MRIO expert should calibrate by latest database and inflation/currency basis.
Inputs,IN-034,Scenario assumptions table,inputs/mario_inputs/scenario_assumptions.csv,CSV,repo_static expert-owned,Integrated indicators,input,MRIO/development/product analysts,integrated indicator builder and environment validation,Yes for scenario-specific non-energy assumptions,Manual expert-owned assumptions,MRIO/development experts,Static assumptions table,assumption_key; scenario_key; value; unit; effective_year; source; notes,varies by assumption; numeric value parsed where possible,effective_year; scenario selection falls back baseline/default,scenario/global unless assumption key implies geography,not necessarily sector-specific,Expert assumptions outside energy model boundary,Strict-blocking if selected placeholder rows and allow_placeholder_data=false,Assumption keys required; scenario_key selection ranks exact over baseline over default; numeric parsing where needed,Provides non-energy assumptions for integrated indicators and narrative interpretation.,Could overlap with report-derived MRIO-direct assumptions; provenance should distinguish table vs DOCX report.,backend/api_service/mario_runtime.py; backend/api_service/integrated.py,OUT-038; OUT-035,assumption_key=access_multiplier; scenario_key=baseline,When scenario narratives or indicator assumptions change,Analyst should reconcile with report parser output and remove placeholders.
Inputs,IN-035,Development indicator mapping,inputs/mario_inputs/development_indicator_mapping.csv,CSV,repo_static expert-owned,Integrated indicators,input,Development/product analysts,integrated.build_development_indicator_payload,Optional but needed for rich reporting,Manual mapping table,Development analysts + product,Static reporting contract,indicator_id; indicator_name; driver_metric; aggregation_rule; unit; lag_years; notes,indicator units as declared,lag_years plus run target year,indicator-specific; often global/regional,"maps to modeled metrics, not necessarily sectors",Curated indicator mapping,May be placeholder but not strict-blocking by default,indicator_id required; driver_metric should match integrated outputs or becomes unavailable,Maps model outputs into named development indicators for dashboard/reporting.,Unavailable mappings reduce model quality and reporting completeness.,backend/api_service/mario_runtime.py; backend/api_service/integrated.py,OUT-037; OUT-039,driver_metric=jobs_total; unit=jobs,When dashboard indicators change,Development/product team should maintain definitions and avoid vague metrics.
Inputs,IN-036,Exchange output schema,inputs/mario_inputs/exchange_output_schema.csv,CSV,repo_static,Bridge validation,input,Backend + MRIO team,mario_runtime.write_exchange_schema_validation,Yes for bridge validation,Manual schema contract,Backend/MRIO experts,Static schema contract,file_name; column_name; required; dtype; description,declared column dtypes/metadata,schema only,schema only,schema only,Internal contract for exchange CSVs,Not placeholder,Required files/columns must exist after bridge generation,Validates bridge artifacts before/while running development layer.,Schema can lag actual files if new bridge artifacts are added.,backend/api_service/mario_runtime.py,OUT-011 to OUT-016; OUT-020,"investment_shocks.csv, shock_value_musd, yes, float",When exchange file schema changes,Backend/MRIO team should update schema and tests together.
Inputs,IN-037,World fit GeoJSON,frontend/geo/world_fit.geojson,GeoJSON,frontend_static,Frontend GIS,input,GIS/frontend team,frontend map rendering and spatial filters,Yes for map display,Manual/procured spatial file,GIS + frontend,Static asset; replace with expert GIS source if placeholder,GeoJSON FeatureCollection; country/subregion properties; geometries,longitude/latitude coordinates; properties vary,static geography,country or subcountry polygons as available,not sector-specific,User/procured geospatial source,May be placeholder; must be verified for production,Valid GeoJSON; geometry properties must join to model region/country codes,Provides polygon boundaries for map display and selection.,Incorrect joins produce wrong highlighting/filtering even if model data is correct.,frontend/app.jsx and map helpers,OUT-030; IN-038; IN-039,Feature.properties.ISO_A3=ZAF,When GIS boundaries change,Procure authoritative GeoJSON with stable ISO/calliope join keys and license metadata.
Inputs,IN-038,EDIM placeholder location GeoJSON,frontend/geo/edim_locations_placeholder.geojson,GeoJSON,frontend_static placeholder,Frontend GIS,input,GIS/frontend team,frontend map fallback/centroid system,Conditional fallback,Manual/generated placeholder asset,GIS + frontend,Temporary placeholder until authoritative subregion file arrives,GeoJSON points or features with EDIM location codes and lat/lon,longitude/latitude coordinates,static geography,Calliope country/subregion representative points,not sector-specific,Placeholder generated for EDIM location visualization,Placeholder by name; not production-grade,Must be valid GeoJSON; coordinates should be within parent country; properties must join to Calliope locations,Feeds centroid/Voronoi representative areas when polygon subregions are not available.,"Representative points are a visualization approximation, not a true administrative boundary.",frontend/app.jsx map helpers,OUT-030,ZAF_subregion centroid point,Temporary until real GIS file exists,Replace with authoritative subnational geometry or vetted centroids.
Inputs,IN-039,Country geometry manifest,frontend/geo/countries_manifest.json,JSON,frontend_static,Frontend GIS,input,GIS/frontend team,frontend country geometry loader,Yes for per-country TopoJSON lookup,Generated/manual manifest,GIS + frontend,Static asset,country code to topology asset path and metadata,codes and paths,static geography,country-level,not sector-specific,Generated from countries_topojson assets,Not placeholder if source geometry is acceptable,Manifest paths must exist; codes should align with ISO_A3 used by model/geography mapping,Allows lazy loading or cataloging of country geometries.,Manifest completeness does not imply subnational resolution.,frontend/app.jsx map helpers,IN-040; OUT-030,ZAF -> countries_topojson/ZAF.topo.json,When country topology files change,GIS/frontend team should regenerate and validate manifest.
Inputs,IN-040,Per-country TopoJSON boundaries,frontend/geo/countries_topojson/*.topo.json,TopoJSON,frontend_static,Frontend GIS,input,GIS/frontend team,frontend country map rendering,Yes for detailed country outlines,Generated/procured GIS assets,GIS + frontend,Static asset collection,TopoJSON topology per ISO-like code,longitude/latitude topology coordinates,static geography,country-level topology; may include internal properties depending source,not sector-specific,Procured/generated geospatial source,Unknown; verify license/source before external use,Each manifest file should parse and match expected code,Provides map outlines and fallback boundaries for countries.,May not include the subnational boundaries needed for highest model resolution.,frontend map helpers,IN-039; OUT-030,ZAF.topo.json; BRA.topo.json; IND.topo.json,When GIS assets change,"GIS team should document source, simplification tolerance, and license."
Inputs,IN-041,Architecture design spec,frontend/architecture.spec.json and architecture.spec.json,JSON,repo_static/frontend_static,Design/system documentation,input,Design/backend/frontend leads,Architecture tab renderer and handoff documentation,Optional for model execution; required for architecture tab,Manual/refined design spec,Design + architecture,Versioned design documentation,sections; layers; flows; data contracts; UI guidance depending spec,metadata and text,not model temporal data,system/design scope,not sector-specific,Project architecture design artifact,Not model data,Must parse as JSON; frontend copy should remain in sync with root copy,Drives the architecture/spec tab added to the EDIM app.,Can drift from implemented code if not maintained with features.,frontend/architecture.js; frontend/app.jsx,OUT-040,schema/version/title/sections,When architecture changes,Keep spec synchronized with implemented runtime and handoff docs.
Inputs,IN-042,Runtime environment variables,"Environment: EDIM_SOLVER, EDIM_DEVELOPMENT_ENGINE, EDIM_* profile settings, OPENAI_API_KEY if used",process environment / .env,runtime_config,Runtime/orchestration,input,Operator/developer,settings loader and runner,Yes for solver/runtime behavior; API key only for optional features,Manual runtime config,Backend/devops,Per environment,solver; development_engine; run profile subset windows; time limits; queue/retention; optional paths,seconds; dates; paths; booleans,profile-dependent time windows,global runtime behavior,not sector-specific,Deployment environment,Not placeholder; local defaults may be dev-oriented,Values must be parseable by settings; solver must be available; full-year must be explicitly allowed if disabled,"Controls solver selection, development engine mode, queue limits, run retention, and strict runtime behavior.",Environment drift is a common source of “works on my machine” differences.,backend/api_service/settings.py; backend/api_service/runner.py,OUT-027; OUT-020,EDIM_SOLVER=highs; EDIM_DEVELOPMENT_ENGINE=mario,Per deployment or local setup,Document deployment values and keep dev/analysis/full profiles intentional.
Outputs,OUT-001,Unified scenario package artifact,outputs/runs/<run_id>/scenario_package.json,JSON,run_artifact,Scenario orchestration,output,scenario_package.build_scenario_package,"Energy adapter, MRIO-direct adapter, diagnostics, UI/API result payload",Yes,Generated per run,Backend,One per run,schema_version; created_at_utc; energy_scenario_key; mrio_scenario_id; target_year; run_profile; levers; strict_validation; allow_placeholder_data; energy; mrio_direct; geography_alignment; provenance,mixed metadata; lever units; year,selected target_year and profile,MRIO geography plus mapped Calliope locations,energy scenario and MRIO scenario metadata,Integrated request plus report cache plus geography mapping,None; reflects request and parsed inputs,Must be written before model execution; geography_alignment.blocking_mismatch must be false,Primary inspectable contract showing what the run meant. This is the artifact teams should start from when debugging a result.,Package validity does not mean numeric outputs are calibrated.,backend/api_service/scenario_package.py; backend/api_service/runner.py,IN-001 to IN-008; OUT-002 to OUT-006; OUT-029,schema_version=integrated_scenario_package_v1,Every run,Keep stable enough for downstream debugging and attach to reports/exports.
Outputs,OUT-002,Energy input manifest,outputs/runs/<run_id>/scenario/energy_input_manifest.json,JSON,run_artifact,Energy adapter,output,scenario_package.write_scenario_artifacts,"Run diagnostics, UI provenance",Yes,Generated per run,Backend/energy,One per run,adapter; model; scenario_key,metadata only,selected run target/profile by context,Calliope model scope,selected energy scenario key,Copied from scenario_package.energy,None,Must include adapter=calliope_v1 and scenario key,Records the energy-side adapter decision that feeds Calliope.,"Currently a manifest, not a full materialized Calliope model dump.",backend/api_service/scenario_package.py,OUT-001; OUT-007; OUT-008,adapter=calliope_v1; model=calliope,Every run,"If OSeMOSYS is added, extend schema without overloading Calliope fields."
Outputs,OUT-003,Report scenario reference artifact,outputs/runs/<run_id>/scenario/report_scenario_reference.json,JSON,run_artifact,MRIO-direct scenario source,output,scenario_package.write_scenario_artifacts,Run diagnostics and UI provenance,Yes,Generated per run,Backend/MRIO,One per run,scenario_id; geography_code; geography; scenario_type; label; summary; shock_categories; notes,parsed report targets and text,target years contained in scenario reference,report geography,"A/Z, E, Y categories",Copied from parsed scenario report cache,"None, but heuristic interpretation must be labeled",Must match mrio_scenario_id in scenario_package,Freezes the report-derived MRIO scenario used by the run.,"If report parser missed content, this artifact will also be incomplete.",backend/api_service/scenario_package.py,IN-003; IN-004; OUT-001; OUT-005,scenario_id=ZA-S2,Every run,Analysts should review this after report changes.
Outputs,OUT-004,Geography alignment artifact,outputs/runs/<run_id>/scenario/geography_alignment.json,JSON,run_artifact,Geography alignment,output,scenario_package.build_geography_alignment,"MRIO-direct adapter, UI diagnostics, map filters",Yes,Generated per run,Backend/GIS,One per run,status; blocking_mismatch; mrio_geography_code; mrio_geography; calliope_locations[]; calliope_location_count; alignment_level; mapping_rows; notes,codes and counts,scenario-level,MRIO geography to Calliope locations,not sector-specific,Derived from scenario_geography_mapping.csv and Calliope locations,None; mapping quality depends on source table,blocking_mismatch false; selected locations should be nonempty for aligned scenarios unless MRIO-only is intentional,Shows how national/regional MRIO assumptions were applied to Calliope geographies.,"If status=mrio_only, map and regional development attribution need careful interpretation.",backend/api_service/scenario_package.py,IN-008; OUT-001; OUT-005; OUT-030,status=aligned; calliope_location_count=4,Every run,Audit if new report geography or Calliope subregion appears.
Outputs,OUT-005,MRIO-direct inputs artifact,outputs/runs/<run_id>/scenario/mrio_direct_inputs.json,JSON,run_artifact,MRIO-direct adapter,output,scenario_package.build_mrio_direct_inputs,"Development layer, UI source-channel panel, model quality diagnostics",Yes,Generated per run after bridge reference total is known,Backend/MRIO,One per run,schema_version; method; scenario_id; target_year; geography_code; bridge_total_reference_musd; configuration; shock_rows[]; totals; diagnostics,million USD shock values; emissions proxy delta,target_year,MRIO geography code and geography object,"MARIO proxy sectors and A/Z,E,Y categories",Parsed report plus bridge total reference plus development_model config,Heuristic v1; model quality cannot exceed analyst_review while active,"shock rows must contain category, region, sector, target_year, shock_value_musd, method; capped if direct total exceeds max ratio",Converts report assumptions outside the energy boundary into direct MRIO shock rows while preserving provenance.,Heuristic rows are not a full MARIO matrix shock execution; do not treat as final empirical IO result.,backend/api_service/scenario_package.py; backend/api_service/runner.py,OUT-001; OUT-006; OUT-018; OUT-019; OUT-033,method=mrio_direct_heuristic_v1,Every run with development layer,Replace heuristic formulas with actual A/Z/E/Y matrix shock execution when MARIO database integration is ready.
Outputs,OUT-006,MRIO-direct shock rows CSV,outputs/runs/<run_id>/scenario/mrio_direct_shocks.csv,CSV,run_artifact,MRIO-direct adapter,output,scenario_package.write_scenario_artifacts,"Analysts, UI source-channel panel, downstream MRIO tooling",Yes,Generated per run,Backend/MRIO,One per run,shock_category; parameter; mario_parameter; mario_region; geography; mario_sector; target_year; shock_value_musd; method; notes,million USD; category labels,target_year,MRIO geography,MARIO proxy sector,Derived from OUT-005 shock_rows,Heuristic v1,"Numeric shock_value_musd; categories align to A/Z, E, Y; method label required",Flat inspectable version of MRIO-direct shock assumptions.,May not be consumed by an external MARIO engine yet; currently supports built-in heuristic layer/diagnostics.,backend/api_service/scenario_package.py,OUT-005; OUT-018; OUT-019,"A/Z, fossil structural reduction, Coal_supply_chain, -12.5",Every run,Use as review table for MRIO experts before implementing exact matrix shocks.
Outputs,OUT-007,Runtime UI/lever override patch,outputs/runs/<run_id>/ui_override_patch.yaml,YAML,run_artifact,Energy adapter/runtime controls,output,runner._build_runtime_override_patch and lever override builder,"Calliope model build, analysts",Yes,Generated per run,Backend/energy,One per run,"Calliope override_dict structure for solver, profile subset_time, levers",Calliope-native units; seconds for time limits,profile-dependent subset_time,applies across selected Calliope model scope,technologies matched by lever mapping,Integrated request and lever mappings,None,Must be parseable YAML; should not mutate source Calliope files,Shows exactly what runtime patch was applied in addition to selected energy scenario.,Not a complete model; only delta patch.,backend/api_service/runner.py; backend/api_service/levers.py,IN-001; IN-006; IN-042; OUT-008,run.solver=appsi_highs; model.subset_time=[...],Every run,Review when lever effects seem absent or unexpected.
Outputs,OUT-008,Raw/flattened Calliope results table,outputs/runs/<run_id>/results.csv,CSV,run_artifact,Energy model results,output,Calliope solve + runner result extraction,"summary builder, bridge builder, UI/API downloads",Yes,Generated per successful run,Backend/energy,One per run,variable-like columns as emitted by runner from Calliope xarray results; includes dimensions such as tech/location/time where available,Calliope-native units by variable,model timestep or aggregated depending extracted variable,Calliope locations and links,Calliope technologies/carriers,Solved Calliope model using integrated energy scenario and overrides,None,Should be nonempty unless no result variables; parseable CSV,Primary flat export of energy model outputs.,Column schema may evolve with Calliope version and extraction logic; use summary artifacts for stable dashboard fields.,backend/api_service/runner.py; backend/api_service/summarize.py,OUT-009; OUT-011; OUT-012; OUT-013; OUT-030,"energy_cap, carrier_prod, cost variables",Every successful run,"If downstream tools need stability, formalize this CSV schema."
Outputs,OUT-009,Run summary API/file payload,outputs/runs/<run_id>/summary.json and GET /api/run/<run_id>/summary,JSON,run_artifact and API response,Integrated summary,output,runner.run_scenario and summarize/build_integrated stages,"Frontend dashboard, API clients, report builder",Yes,Generated per run,Backend,One per run,run_id; energy_scenario_key; mrio_scenario_id; target_year; run_profile; warnings; scenario_package; generation_by_tech; capacity_by_tech; new_capacity_by_tech; system_cost; emissions; summary_diagnostics; development_impacts; exchange_artifacts; integrated_results; coupling_manifest; scenario_assumptions; development_indicators,"mixed energy, emissions, cost, jobs, GVA units",target year plus model timestep aggregations in diagnostics,"global, location, pool, region depending metric","technology, carrier, supplier sector depending metric","Composed from model outputs, diagnostics, development runtime, integrated builder","None, but may contain warnings about placeholders/heuristics",Must satisfy RunSummary Pydantic shape; warnings should be retained,Main backend output consumed by dashboard and reports.,Mixed resolution object: users must inspect metric_resolution/source channel metadata for correct filtering.,backend/api_service/schemas.py; backend/api_service/runner.py,OUT-010; OUT-018; OUT-021; OUT-022; OUT-029,system_cost.total; emissions.total; development_impacts.selected_totals.jobs_total,Every run,Keep as stable as possible for frontend; add explicit schema versions if external clients consume it.
Outputs,OUT-010,Summary diagnostics object,summary.json.summary_diagnostics,JSON object,run_artifact nested object,Energy diagnostics,output,backend/api_service/summarize.py,"Frontend charts, integrated results, bridge fallback weighting",Yes,Generated per run,Backend/energy,Nested in summary,reliability; energy_balance; physical_emissions; cost_decomposition; trade_matrix; system_structure; run_metadata and related diagnostic records,MWh/GWh-like energy units; tCO2; USD; shares; counts,model timestep aggregations and run metadata,"global, location, power pool depending metric",technology/carrier/cost component depending metric,Derived from Calliope results.csv/xarray result variables,None,Should include source/resolution where feasible; must not label regional values as country if native resolution differs,"Provides detailed diagnostic basis for costs, emissions, reliability, trade, and model structure.",Some metrics are global only or have non-country native resolution; frontend must respect metric_resolution.,backend/api_service/summarize.py; backend/api_service/integrated.py,OUT-009; OUT-012; OUT-013; OUT-034,physical_emissions.total_emissions; reliability.unserved_energy_share,Every run,Continue expanding explicit unit/resolution metadata per metric.
Outputs,OUT-011,Calliope component activity exchange,outputs/runs/<run_id>/exchange/calliope_component_activity.csv,CSV,run_artifact exchange,Bridge,output,runner bridge preparation,"MARIO runtime, analysts",Yes,Generated per run,Backend/MRIO bridge,One per run,technology; carrier; region/location; activity/value columns depending bridge extraction,energy/activity units from Calliope extraction,aggregated run period or target-year proxy,Calliope location/MARIO region depending bridge,Calliope technology and carrier,Derived from solved Calliope outputs,None,Must satisfy exchange_output_schema where declared,Inspectable bridge table of model activity used to derive shocks.,Schema should be kept explicit; activity-to-economic shock interpretation requires mapping tables.,backend/api_service/runner.py,IN-027; IN-031; OUT-012; OUT-013; OUT-016,PV generation activity in SAPP/ZAF,Every run,Formalize units and aggregation period in metadata.json if not already explicit.
Outputs,OUT-012,Investment shocks exchange,outputs/runs/<run_id>/exchange/investment_shocks.csv,CSV,run_artifact exchange,Bridge to MRIO,output,runner bridge preparation,MARIO runtime and MRIO-direct reference total,Yes,Generated per run,Backend/MRIO bridge,One per run,region; mario_sector; technology; shock_value_musd and related fields,million USD,run/target-year economic proxy,MARIO region mapped from Calliope location,MARIO supplier sector and Calliope technology,Calliope cost decomposition plus CAPEX split mapping,None,Required columns validated by exchange_output_schema; positive shock values used by runtime,Represents bridge-derived capital/investment demand shocks from the energy model.,Bridge-derived values are currently authoritative over overlapping MRIO-direct headline totals.,backend/api_service/runner.py; backend/api_service/mario_runtime.py,IN-027; IN-029; IN-031; OUT-018; OUT-020,region=ZAF; mario_sector=Construction_of_power_assets; shock_value_musd=10.5,Every run,Verify currency basis and whether costs are annualized vs overnight before policy interpretation.
Outputs,OUT-013,Operating shocks exchange,outputs/runs/<run_id>/exchange/operating_shocks.csv,CSV,run_artifact exchange,Bridge to MRIO,output,runner bridge preparation,MARIO runtime,Yes,Generated per run,Backend/MRIO bridge,One per run,region; mario_sector; technology; opex_type; shock_value_musd and related fields,million USD,run/target-year economic proxy,MARIO region mapped from Calliope location,"MARIO supplier sector, Calliope technology, OPEX type",Calliope cost decomposition plus OPEX split mapping,None,Required columns validated by exchange_output_schema; positive shock values used by runtime,Represents bridge-derived operating expenditure shocks from the energy model.,OPEX timing/annualization assumptions must be documented for interpretation.,backend/api_service/runner.py; backend/api_service/mario_runtime.py,IN-028; IN-030; IN-031; OUT-018,opex_type=fixed_om; shock_value_musd=3.2,Every run,MRIO expert should confirm OPEX sector split and time basis.
Outputs,OUT-014,Energy service balance exchange,outputs/runs/<run_id>/exchange/energy_service_balance.csv,CSV,run_artifact exchange,Bridge diagnostics,output,runner bridge preparation,"Analysts, diagnostics, potential MRIO demand channel",Yes,Generated per run,Backend/MRIO bridge,One per run,region/location; carrier/service; production/consumption/balance fields depending bridge builder,energy units from Calliope results,run period or target-year aggregation,Calliope location/pool/MARIO region depending extraction,carrier/service,Derived from solved Calliope energy balances,None,Should parse and be internally balanced within tolerance where applicable,Supports diagnostics about energy service changes feeding development interpretation.,Not necessarily a direct monetary MRIO shock by itself.,backend/api_service/runner.py,OUT-011; OUT-016; OUT-020,electricity balance by region,Every run,Clarify whether balance values are annualized or subset-time scaled.
Outputs,OUT-015,Prices and taxes exchange,outputs/runs/<run_id>/exchange/prices_and_taxes.csv,CSV,run_artifact exchange,Bridge diagnostics,output,runner bridge preparation,Analysts and potential MRIO price/tax channel,Yes if price/tax fields available; may be sparse,Generated per run,Backend/MRIO bridge,One per run,region/location; component/account; price/tax fields depending bridge builder,"USD, USD/tCO2, or model-native monetary units",run/target-year proxy,region/location where available,cost/tax component,Derived from Calliope costs and lever carbon price,None,Should parse; missing fields should be represented with diagnostics/warnings,Captures bridge-side price/tax assumptions such as carbon price effects.,May not yet feed full MARIO price-shock execution.,backend/api_service/runner.py,IN-001; IN-028; OUT-016; OUT-020,carbon_price_usd_per_tco2=10,Every run,Define exact downstream MRIO price/tax interpretation before using for policy claims.
Outputs,OUT-016,Exchange metadata,outputs/runs/<run_id>/exchange/metadata.json,JSON,run_artifact exchange,Bridge diagnostics,output,runner bridge preparation,"MARIO runtime, UI diagnostics, analysts",Yes,Generated per run,Backend/MRIO bridge,One per run,run_id; scenario; year; bridge method; source files; schema validation; shock totals and diagnostics as implemented,mixed metadata/counts/totals,target year/run profile,bridge regions/locations,bridge sectors/technologies,Derived from bridge preparation stage,None,Should identify source tables and validation status,Documents the exchange bundle contents and bridge generation details.,"If metadata omits unit/time basis, external users may misread shocks.",backend/api_service/runner.py; backend/api_service/mario_runtime.py,OUT-011 to OUT-015; OUT-020,bridge_method=calliope_to_mario_exchange_with_io_runtime,Every run,Expand if new exchange channels are added.
Outputs,OUT-017,MARIO runtime direct output before MRIO-direct attachment,outputs/runs/<run_id>/exchange/development_impacts_mario.json,JSON,run_artifact exchange,Development/MRIO bridge channel,output,mario_runtime.run_mario_io_runtime,Combined development_impacts builder and analysts,Yes when MARIO engine mode is active,Generated per run,Backend/MRIO,One per MARIO run,run_id; scenario; method=mario_io_runtime_v1; inputs; totals; uncertainty; by_region; by_supplier_sector; by_region_supplier; diagnostics; metadata,jobs; million USD; relative bounds,target year; reference years in intensity tables,MARIO region,MARIO supplier sector,Bridge shocks plus employment/value-added intensity tables,None if inputs calibrated; may reflect placeholder intensity data,Requires required MARIO input tables; handles empty/non-positive shocks with zero payload and warnings,Bridge-channel development impacts before adding MRIO-direct source channel.,Built-in IO runtime is simplified relative to full MARIO database matrix execution.,backend/api_service/mario_runtime.py; backend/api_service/runner.py,IN-032; IN-033; OUT-012; OUT-013; OUT-018,totals.jobs_total=...,Every MARIO run,Replace/extend with exact MARIO database results when available.
Outputs,OUT-018,Development impacts combined payload,outputs/runs/<run_id>/development_impacts.json and /api/run/<run_id>/development,JSON,run_artifact and API response,Development/MRIO integrated layer,output,runner._attach_mrio_direct_layer plus MARIO/surrogate runtime,"Frontend development panels, integrated results, reports",Yes,Generated per run,Backend/MRIO,One per run,bridge; mrio_direct; selected_totals; combined_totals; overlap_diagnostics; totals; uncertainty; by_region; by_supplier_sector; by_region_supplier; diagnostics; metadata,jobs; million USD; counts; shares,target year; intensity reference years in source tables,MARIO regions and mapped geography,MARIO supplier sectors,Bridge runtime plus MRIO-direct heuristic inputs,MRIO-direct is heuristic; bridge channel quality depends on expert tables,selected_totals defaults to bridge on overlap; overlap_diagnostics must clearly flag temporary policy,Main development impact object. It keeps source channels separate while exposing a bridge-authoritative selected total for headlines.,Do not sum selected_totals and mrio_direct totals for headlines without understanding overlap.,backend/api_service/runner.py; backend/api_service/integrated.py,OUT-005; OUT-006; OUT-017; OUT-019; OUT-021,selected_totals.jobs_total; mrio_direct.totals.gva_total_musd,Every run,MRIO expert should review overlap list and replace heuristic merge policy later.
Outputs,OUT-019,Exchange copy of development impacts,outputs/runs/<run_id>/exchange/development_impacts.json,JSON,run_artifact exchange,Development/MRIO integrated layer,output,runner final artifact writer,Exchange bundle consumers,Yes,Generated per run,Backend/MRIO,One per run,Same logical schema as OUT-018,jobs; million USD,target year,MARIO regions,MARIO supplier sectors,Copied/written from combined development impacts,Same as OUT-018,Must stay consistent with root development_impacts.json,Puts combined development impact payload inside exchange folder for bundle completeness.,Duplicate copy can drift only if writer changes; tests should ensure consistency.,backend/api_service/runner.py,OUT-018; OUT-025,Same as OUT-018,Every run,Keep root and exchange copies synchronized.
Outputs,OUT-020,Coupling manifest,outputs/runs/<run_id>/coupling_manifest.json and exchange/coupling_manifest.json,JSON,run_artifact,Integration diagnostics,output,runner development and integrated stages,"Frontend provenance panels, reports, analysts",Yes,Generated per run,Backend,"One per run, plus exchange copy",development_engine_mode; mapping coverage; runtime metadata; integration_architecture; energy_scenario_key; mrio_scenario_id; target_year; mrio_direct_method; mrio_direct_heuristic; selected_totals_source; temporary_overlap_policy; report_source; geography_alignment,mixed metadata/counts/shares,target year/profile,MRIO and Calliope geography metadata,sector mapping diagnostics where present,Bridge + MRIO-direct runtime diagnostics,"None, but may report heuristic/placeholder/fallback warnings",Should flag temporary overlap policy and mrio_direct_heuristic true when active,"Primary coupling/provenance artifact explaining how energy, bridge, and MRIO-direct layers were connected.","If this says bridge_authoritative_for_headline_totals, users should not interpret MRIO-direct as additive headline output.",backend/api_service/runner.py; backend/api_service/integrated.py,OUT-001; OUT-004; OUT-018; OUT-022,integration_architecture=bridge_plus_mrio_direct_v1,Every run,Maintain as the audit trail for integration decisions.
Outputs,OUT-021,Integrated results payload,outputs/runs/<run_id>/integrated_results.json and /api/run/<run_id>/integrated,JSON,run_artifact and API response,Integrated results,output,integrated.build_integrated_results,"Frontend dashboard, reports, downloads",Yes,Generated per run,Backend,One per run,run_id; scenario; scenario_package; headline_metrics; development_drivers; regional_development; development_confidence; development_uncertainty; baseline_comparison; development_indicators; model_quality; metric_resolution; source_channels; scenario_provenance,jobs; GVA/income million USD; emissions; reliability shares; metadata,target year and profile context,"global, regional, location/pool depending metric_resolution","technology, supplier sector, indicator depending section","Run summary, development impacts, assumptions, coupling manifest",Contains heuristic and quality flags where active,validate_integrated_results checks required fields/types; model_quality should cap status if MRIO-direct heuristic active,Most complete dashboard/report payload with provenance and source channel comparison.,Consumers must honor metric_resolution and source_channels instead of assuming all fields filter to country level.,backend/api_service/integrated.py; backend/api_service/runner.py,OUT-009; OUT-018; OUT-020; OUT-037; OUT-039,source_channels.bridge; source_channels.mrio_direct; model_quality.status=analyst_review,Every run,Treat this as primary API for frontend; add schema version if externalized.
Outputs,OUT-022,Exchange copy of integrated results,outputs/runs/<run_id>/exchange/integrated_results.json,JSON,run_artifact exchange,Integrated results,output,runner final artifact writer,Exchange bundle consumers,Yes,Generated per run,Backend,One per run,Same logical schema as OUT-021,mixed,target year/profile,mixed resolution,mixed,Copied/written from integrated results,Same as OUT-021,Must stay consistent with root integrated_results.json,Makes integrated result available inside exchange bundle.,Duplicate copy should be kept synchronized.,backend/api_service/runner.py,OUT-021; OUT-025,Same as OUT-021,Every run,Keep exchange and root copy synchronized.
Outputs,OUT-023,Run report markdown,outputs/runs/<run_id>/report.md,Markdown,run_artifact,Reporting,output,integrated.build_run_report_markdown,"Analysts, frontend/downloads",Yes,Generated per run,Backend/product,One per run,"Markdown sections for run summary, model quality, coupling, metric resolution, indicators, source channels, warnings",human-readable mixed units,target year/profile,mixed resolution with notes,mixed,Integrated results and summary artifacts,Inherits heuristic/placeholder caveats from payload,Should include scenario package/provenance and quality issues,Human-readable report for handoff and review.,Should not be treated as raw data source; use JSON/CSV artifacts for computation.,backend/api_service/integrated.py,OUT-009; OUT-021,## Model quality; ## Coupling,Every run,Review narrative text for clarity and update as architecture evolves.
Outputs,OUT-024,Legacy NetCDF results file,outputs/runs/<run_id>/results.nc,NetCDF,run_artifact optional/legacy,Energy model results,output,Calliope/runner in older or optional run paths,Analysts using xarray/Calliope tooling,Optional; present in older/sample runs,Generated when enabled/available,Backend/energy,Per run if produced,Calliope xarray dataset variables/dimensions,Calliope-native units,model timestep/dimensions,Calliope locations/links,Calliope technologies/carriers,Solved Calliope model,None,Must be readable as NetCDF/xarray if present,High-fidelity native-like result export for technical users.,Not primary dashboard contract and may not exist in all runs.,Calliope/runner,OUT-008; OUT-009,xarray Dataset variables,Optional,"If needed, formalize whether current runner should always write it."
Outputs,OUT-025,Exchange bundle archive,outputs/runs/<run_id>/exchange_bundle.zip,ZIP,run_artifact,Packaging/download,output,integrated.create_exchange_bundle_zip,Frontend downloads and downstream analysts,Yes,Generated per run,Backend,One per run,"ZIP containing exchange CSVs, metadata, development/integrated JSON, coupling manifest, possibly report files",mixed,target run,mixed,mixed,Run artifact packager,Inherits caveats of contents,Archive should include expected exchange files; no path traversal; valid ZIP,Portable bundle for downstream review or transfer.,Archive completeness depends on writer include list.,backend/api_service/integrated.py; backend/api_service/runner.py,OUT-011 to OUT-023,exchange_bundle.zip,Every run,Update packager when adding stable run artifacts.
Outputs,OUT-026,Job info/list API response,GET /api/jobs and POST /api/jobs response,JSON API response,API response,Runtime orchestration,output,backend/api_service/jobs.py,Frontend job queue/status UI,Yes,Generated dynamically,Backend,Per job/list request,job_id; status; progress; stage; message; queue_position; created_at; started_at; finished_at; updated_at; worker_pid; error; request; artifacts; summary,timestamps; progress share,job lifecycle,not spatial except nested summary,not sector-specific except nested summary,Job manager state plus run artifacts,None,Must satisfy JobInfo/JobListResponse schema,Tracks asynchronous run execution and exposes final summary/artifacts.,"If summary is large, frontend performance should be watched.",backend/api_service/schemas.py; backend/api_service/jobs.py,IN-001; OUT-009; OUT-027,status=running; stage=solve_energy,During and after runs,Frontend should handle queued/running/failed/complete states explicitly.
Outputs,OUT-027,Environment setup/readiness report,GET /api/environment-setup,JSON API response,API response,Runtime validation,output,runner.build_environment_setup_report,Frontend setup checklist and developers,Yes for diagnostics,Generated dynamically,Backend/devops,On request,ok; generated_at_utc; energy_scenario_key; mrio_scenario_id; target_year; run_profile; strict_validation; allow_placeholder_data; solver_requested/resolved; development_engine; queue; mario_inputs; checks[]; warnings[]; errors[],mixed metadata/counts,run_profile subset windows; target year,global readiness; validates selected scenario geographies,mapping coverage and tech counts where available,"Settings, files, scenario package validation, MARIO health",Flags placeholder data and strict validation status,Errors block readiness; checks categorized calliope/controls/runtime/mario,Explains whether a run is likely to execute before submission.,A passing readiness report still does not validate scientific calibration quality fully.,backend/api_service/runner.py; backend/api_service/main.py,IN-001; IN-003 to IN-042,checks.name=calliope_model; status=ok,Before runs and troubleshooting,Use in UI to surface blockers before users spend time on runs.
Outputs,OUT-028,MARIO runtime log,outputs/runs/<run_id>/exchange/mario_runner.log,JSON/log text,run_artifact exchange,Development/MRIO diagnostics,output,mario_runtime.write_runtime_log / runner,Backend/MRIO analysts,Yes for debugging when MARIO stage runs,Generated per run,Backend/MRIO,One per run,"runtime metadata, warnings, errors, paths, timing depending writer payload",metadata/counts,run time,not spatial except nested diagnostics,not sector-specific except nested diagnostics,MARIO runtime stage,None,Should be parseable if JSON log; retain errors/warnings,Debug log for development engine execution.,Not a stable user-facing API contract.,backend/api_service/mario_runtime.py; backend/api_service/runner.py,OUT-017; OUT-018; OUT-020,mario_runtime_executed=true,Every MARIO run,Keep enough diagnostics to reproduce runtime failures.
Outputs,OUT-029,Scenario provenance panel data,integrated_results.json.scenario_provenance and summary.scenario_package,JSON object,run_artifact nested object,Frontend provenance,output,integrated.build_integrated_results,Frontend results UI,Yes,Generated per run,Backend/frontend,Nested per run,package; report_source; energy_scenario_key; mrio_scenario_id; target_year; levers; geography_alignment,metadata,target year/profile,MRIO and Calliope locations,not sector-specific,Scenario package and coupling manifest,None,Should mirror OUT-001 and OUT-020,Provides UI-ready provenance for what scenario was run and where assumptions came from.,"Should not duplicate contradictory fields; if conflict, scenario_package should be canonical.",backend/api_service/integrated.py; frontend/app.jsx,OUT-001; OUT-020; OUT-021,mrio_direct.report_source.source_sha256,Every run,Use this for dashboard provenance rather than reconstructing from scattered fields.
Outputs,OUT-030,Frontend derived map selection/filter layer,Rendered in browser from frontend/geo assets plus summary/integrated result data,In-memory GeoJSON/features/UI state,frontend_runtime,Frontend GIS/results,output,frontend map code,"User, all dashboard tabs, chart filters",Yes for interactive dashboard filtering,Generated client-side,Frontend/GIS,Per page load/run selection,feature geometry; join keys; selected country/subregion; derived Voronoi polygons from centroid points where needed; metric values by selected variable,map metric units vary by selected variable; lon/lat geometry,static geometry plus selected run target year,country/subcountry/location/pool depending available geometry and metric_resolution,selected metric may be tech/sector aggregated,GeoJSON/TopoJSON assets plus run results,Placeholder if using edim_locations_placeholder centroid/Voronoi approximations,Feature join keys must match result records; selected highlight should emphasize selected country/subregion; metric_resolution must govern filtering,"Provides spatial interaction, highlighting, and chart filtering across the dashboard.","Voronoi areas from centroids are representative visual regions, not administrative boundaries.",frontend/app.jsx,IN-037 to IN-040; OUT-009; OUT-021; OUT-034,selected_geo=ZAF; variable=emissions_tco2,Each UI session,Replace placeholder centroid Voronoi with authoritative boundaries when procured.
Outputs,OUT-031,Frontend rendered dashboard panels,Browser DOM from frontend/app.jsx using API payloads,HTML/React UI state,frontend_runtime,Frontend dashboard,output,frontend/app.jsx,End user,Yes for app usability,Generated client-side,Frontend/design,Per UI session,"panels for integrated scenario definition, global/regional/country boxes, map, source-channel comparison, bridge inputs, MRIO-direct assumptions, overlap warning, charts",mixed units shown by panel,selected run target year,global/regional/country/subcountry depending filters,technology/supplier sector/indicator depending panel,API responses and static frontend assets,"None, but can display placeholder warnings",Must not call hooks conditionally; charts should respect selected geography and metric_resolution,Primary user interpretation surface for model outputs.,UI can mislead if it hides global-only metrics or source-channel overlap warnings.,frontend/app.jsx; frontend/index.html,OUT-009; OUT-021; OUT-026; OUT-027; OUT-030,Generation by technology; Capacity; Development impacts,Each UI session,Design/frontend team should keep dashboard non-scroll-first and clear about resolution/source channels.
Outputs,OUT-032,Source channel comparison object,integrated_results.json.source_channels,JSON object,run_artifact nested object,Integrated results/development,output,integrated.build_integrated_results,Frontend source-channel comparison panel,Yes,Generated per run,Backend/MRIO/frontend,Nested per run,bridge; mrio_direct; selected_totals; combined_totals; overlap_diagnostics,jobs; million USD; metadata,target year,MARIO regions,supplier sectors,development_impacts combined payload,MRIO-direct heuristic v1,Must expose overlap_diagnostics and selected_totals source,Shows bridge-derived vs MRIO-direct results side by side and the temporary overlap policy.,combined_totals may be useful diagnostically but should not be confused with authoritative headlines.,backend/api_service/integrated.py,OUT-018; OUT-021,selected_totals_source=bridge,Every run,Keep warning copy explicit until merge logic is removed.
Outputs,OUT-033,Model quality object,integrated_results.json.model_quality,JSON object,run_artifact nested object,Quality diagnostics,output,integrated._build_model_quality,"Frontend quality panel, reports",Yes,Generated per run,Backend + scientific leads,Nested per run,status; score; summary; issues[]; flags including mrio_direct_heuristic,score 0-100; severity labels,run-level,"global quality assessment, with issue-specific scope",not sector-specific unless issue text says so,"Integrated results, diagnostics, coupling manifest, indicator availability",Flags placeholder/heuristic/fallback status,"If mrio_direct_heuristic true, status cannot exceed analyst_review",Summarizes whether outputs are ready for analyst review or production-like interpretation.,A single score is reductive; always inspect issues list.,backend/api_service/integrated.py,OUT-020; OUT-021; OUT-037,status=analyst_review; issue.code=mrio_direct_heuristic,Every run,Add domain-specific validation tests as model matures.
Outputs,OUT-034,Metric resolution object,integrated_results.json.metric_resolution,JSON object,run_artifact nested object,Resolution metadata,output,integrated._build_metric_resolution_payload,Frontend filtering logic and reports,Yes,Generated per run,Backend/frontend,Nested per run,records[].metric_id; label; native_resolution; filtered_resolution; filter_policy; caveats,metadata,run-level,global/location/location_or_pool/region/region_supplier/pool depending metric,metric-specific,Hard-coded/curated metadata in integrated builder,None,Frontend should use this to prevent false country filtering for global-only metrics,Explains which outputs can be filtered to selected country/subcountry and which must stay in global boxes.,Must be maintained as new charts/metrics are added.,backend/api_service/integrated.py; frontend/app.jsx,OUT-009; OUT-021; OUT-030; OUT-031,metric_id=system_cost; native_resolution=global,Every run,Keep aligned with every dashboard chart and data card.
Outputs,OUT-035,Baseline comparison object,integrated_results.json.baseline_comparison,JSON object,run_artifact nested object,Integrated analysis,output,integrated.build_baseline_comparison,Frontend comparison panels and report,Optional/conditional,Generated when baseline context available,Backend/product,Nested per run,baseline scenario reference; metric deltas; percentage changes depending implementation,mixed units and percentages,target year/profile,same as compared metrics,same as compared metrics,Current run summary plus baseline summary if available,None,Should clearly identify baseline source and missing baseline conditions,Shows change vs a baseline scenario when available.,Invalid if baseline run/scenario differs in geography/profile in a way not disclosed.,backend/api_service/integrated.py,OUT-009; OUT-021,delta_jobs_total; delta_emissions,When baseline exists,Define canonical baseline selection for each report scenario.
Outputs,OUT-036,Regional/supplier development records,"development_impacts.by_region, by_supplier_sector, by_region_supplier and integrated regional_development",JSON arrays nested in outputs,run_artifact nested object,Development/MRIO,output,mario_runtime or surrogate development builder,Frontend charts and filters,Yes,Generated per run,Backend/MRIO,Nested per run,region; supplier_sector; shock_value_musd; jobs_direct; jobs_total; gva_total_musd; household_income_proxy_musd,jobs; million USD,target year/reference year context,MARIO region,supplier sector,Bridge shocks plus intensity tables; MRIO-direct has separate source channel records,Depends on input calibration,Records sorted/truncated to configured max rows; region UNKNOWN should be treated as a data issue,Supports development impacts by supplier sector and geography.,Uniform values can indicate fallback intensities or mapping gaps; investigate diagnostics.,backend/api_service/mario_runtime.py; backend/api_service/runner.py,OUT-018; OUT-021; OUT-031,region=ZAF; supplier_sector=Electrical_equipment,Every run,Keep regional mappings and intensities calibrated to avoid false precision.
Outputs,OUT-037,Development indicators object,integrated_results.json.development_indicators and summary.development_indicators,JSON object,run_artifact nested object,Integrated indicators,output,integrated indicator builder,Frontend indicator panels and report,Optional but expected for complete dashboard,Generated per run,Backend/development analysts,Nested per run,"records[]; available_count; unavailable_count; warnings; each record indicator_id, indicator_name, driver_metric, value, unit, source_paths/status",indicator-specific,target year with lag_years metadata,indicator-specific,indicator-specific,development_indicator_mapping plus integrated result metrics,Can include unavailable indicators if mapping not supported,Unavailable count should be exposed; model_quality uses it,Translates raw model metrics into named development indicators.,Indicator interpretation depends on mapping quality and assumptions; not all indicators are directly modeled.,backend/api_service/integrated.py; backend/api_service/mario_runtime.py,IN-035; OUT-021; OUT-033,indicator_id=jobs_total; value=...,Every run if mapping exists,Development team should keep indicators traceable and avoid unsupported claims.
Outputs,OUT-038,Selected scenario assumptions object,summary.scenario_assumptions,JSON object,run_artifact nested object,Integrated assumptions,output,mario_runtime.load_scenario_assumptions via runner/integrated,Frontend provenance/reporting,Optional but useful,Generated per run,Backend/MRIO analysts,Nested per run,path; exists; requested_scenario; run_year; records[]; selected_values; selected_count; placeholder counts/examples,varies by assumption,effective_year/run_year,scenario/global unless assumption-specific,not necessarily sector-specific,inputs/mario_inputs/scenario_assumptions.csv,Flags placeholders,Selected exact scenario over baseline/default; placeholder row counts preserved,Shows which non-energy assumption table rows were selected.,This is separate from DOCX report-derived MRIO-direct assumptions.,backend/api_service/mario_runtime.py; backend/api_service/integrated.py,IN-034; OUT-009; OUT-021,selected_values.carbon_price_policy,Every run or integrated build,Clarify relationship to report-derived assumptions in UI copy.
Outputs,OUT-039,Development confidence object,integrated_results.json.development_confidence,JSON object,run_artifact nested object,Quality/runtime diagnostics,output,integrated.build_integrated_results,Frontend diagnostics and reports,Yes,Generated per run,Backend,Nested per run,coupling_mode; mapping_coverage_share; fallback_mapping_share; warnings_count; mario_runtime_executed; mario_runtime_seconds; development_indicators_available_count; mrio_direct_method; selected_totals_source; temporary_overlap_policy and related fields,shares; seconds; counts,run-level,global diagnostic,mapping-level,Coupling manifest and development diagnostics,Flags heuristic and fallback behavior,Should include temporary overlap policy when active,Compact confidence/diagnostics block for development results.,Not a substitute for detailed model_quality issues.,backend/api_service/integrated.py,OUT-020; OUT-021; OUT-033,selected_totals_source=bridge,Every run,Frontend should surface this near development impact charts.
Outputs,OUT-040,Rendered architecture tab,Second top-level EDIM web app tab loading architecture.html/js/spec,HTML/JS rendered UI,frontend_runtime,Architecture documentation UI,output,frontend/architecture.js plus app tab integration,Project team users,Optional for model execution; required for project handoff UI,Generated client-side from static spec,Frontend/design/architecture,Per UI session,"architecture sections, diagrams, design spec content",documentation metadata,not model time data,system-wide,not sector-specific,architecture.spec.json and architecture.js/html assets,Not model data,Spec JSON must parse; tab routing should not break dashboard hooks,Provides in-app technical architecture/design reference for teams carrying the project forward.,Can drift from code if not updated with implementation changes.,frontend/app.jsx; frontend/architecture.js; frontend/architecture.html,IN-041,Top-level tab = Architecture,Whenever app architecture changes,Make documentation updates part of feature completion criteria.
